{"_runtime":4850,"lr":6e-05,"val/loss":3.377058982849121,"_step":30,"_timestamp":1.7570533689753091e+09,"iter":30000,"_wandb":{"runtime":4850},"train/loss":3.0383195877075195,"mfu":107.72330328122644}